name,value
test_precision,0.28558026619784943
test_recall,0.37735837801421157
test_accuracy,0.5826923076923077
best_val_score,-inf
