name,value
test_mse,0.004628195893019438
test_spearman,0.6555949432656212
test_neg_mse,-0.004628195893019438
test_mae,0.046289704740047455
test_spearmanr,0.6555949432656212
test_r2,0.6223155845648742
best_val_score,-inf
