name,value
test_mse,0.004642767366021872
test_spearman,0.6568100590388265
test_neg_mse,-0.004642767366021872
test_mae,0.04634830728173256
test_spearmanr,0.6568100590388265
test_r2,0.6211264919853824
best_val_score,-inf
