name,value
test_mse,0.00462111784145236
test_spearman,0.6563606764159859
test_neg_mse,-0.00462111784145236
test_mae,0.0463867112994194
test_spearmanr,0.6563606764159859
test_r2,0.6228931795377435
best_val_score,-inf
