name,value
test_mse,0.004628736060112715
test_spearman,0.6569428639178927
test_neg_mse,-0.004628736060112715
test_mae,0.04639529436826706
test_spearmanr,0.6569428639178927
test_r2,0.6222715220001913
best_val_score,-inf
