name,value
test_mse,0.00465406384319067
test_spearman,0.6546767502978283
test_neg_mse,-0.00465406384319067
test_mae,0.04636329412460327
test_spearmanr,0.6546767502978283
test_r2,0.6202046187152126
best_val_score,-inf
